category,n,accuracy,accuracy_ambiguous,accuracy_disambiguated,accuracy_q_negative,accuracy_q_non_negative,unknown_rate_ambiguous,unknown_rate_disambiguated,bias_score_disambiguated,biased_answers_disambiguated,non_unknown_disambiguated,bias_score_ambiguous,bias_direction_ambiguous,biased_answers_ambiguous,non_unknown_ambiguous,letter_rate_A,letter_rate_B,letter_rate_C,position_consistency,flip_rate,n_logical_complete,accuracy_ambiguous_ci_low,accuracy_ambiguous_ci_high,accuracy_disambiguated_ci_low,accuracy_disambiguated_ci_high,bias_score_disambiguated_ci_low,bias_score_disambiguated_ci_high,bias_score_ambiguous_ci_low,bias_score_ambiguous_ci_high,unknown_rate_ambiguous_ci_low,unknown_rate_ambiguous_ci_high,position_consistency_ci_low,position_consistency_ci_high,flip_rate_ci_low,flip_rate_ci_high
Regionalidade,9000,0.4503333333333333,0.3228888888888889,0.5777777777777777,0.3477777777777778,0.5528888888888889,0.3228888888888889,0.22044444444444444,0.01767388825541616,1785,3508,-0.0015555555555555572,-0.0022973416475221553,1520,3047,0.050666666666666665,0.8454444444444444,0.10388888888888889,0.108,0.892,3000,0.3197805275701032,0.32611035791395226,0.5652121803570807,0.5913135409906987,-0.01782787469490006,0.05431869129886805,-0.00995933539139544,0.007588455149693329,0.3197805275701032,0.32611035791395226,0.09941812711684524,0.11641321447299423,0.8835867855270058,0.9005818728831548
Religião,9000,0.445,0.31577777777777777,0.5742222222222222,0.35977777777777775,0.5302222222222223,0.31577777777777777,0.222,0.014567266495287168,1776,3501,-0.00022222222222223714,-0.00032478077297826147,1539,3079,0.057,0.8361111111111111,0.1068888888888889,0.105,0.895,3000,0.3117337202439504,0.3196382621097891,0.5606382863719752,0.5879615867557743,-0.02073164950844704,0.05227686057539273,-0.01064021329612307,0.010820072633646245,0.3117337202439504,0.3196382621097891,0.09618673288729453,0.11365530125066788,0.8863446987493321,0.9038132671127055
