context_type,question_type,n,accuracy,accuracy_ambiguous,accuracy_disambiguated,accuracy_q_negative,accuracy_q_non_negative,unknown_rate_ambiguous,unknown_rate_disambiguated,bias_score_disambiguated,biased_answers_disambiguated,non_unknown_disambiguated,bias_score_ambiguous,bias_direction_ambiguous,biased_answers_ambiguous,non_unknown_ambiguous,letter_rate_A,letter_rate_B,letter_rate_C,position_consistency,flip_rate,n_logical_complete
ambiguous,negative,4500,0.334,0.334,,0.334,,0.334,,,0,0,-0.0006666666666666516,-0.0010010010010009784,1497,2997,0.0,0.9971111111111111,0.0028888888888888888,0.0,1.0,1500
ambiguous,non_negative,4500,0.30466666666666664,0.30466666666666664,,,0.30466666666666664,0.30466666666666664,,,0,0,-0.001111111111111128,-0.0015979546180888704,1562,3129,0.03933333333333333,0.9266666666666666,0.034,0.021333333333333333,0.9786666666666667,1500
disambiguated,negative,4500,0.37355555555555553,,0.37355555555555553,0.37355555555555553,,,0.3308888888888889,0.004981733643307784,1513,3011,,,0,0,0.038,0.9591111111111111,0.0028888888888888888,0.0033333333333333335,0.9966666666666667,1500
disambiguated,non_negative,4500,0.7784444444444445,,0.7784444444444445,,0.7784444444444445,,0.11155555555555556,0.02451225612806396,2048,3998,,,0,0,0.138,0.4802222222222222,0.38177777777777777,0.4013333333333333,0.5986666666666667,1500
