unknown_position,n,accuracy,unknown_rate_ambiguous,letter_rate_A,letter_rate_B,letter_rate_C
A,6000,0.36716666666666664,0.0,0.0,0.8708333333333333,0.12916666666666668
B,6000,0.5976666666666667,0.9553333333333334,0.004833333333333334,0.8095,0.18566666666666667
C,6000,0.37816666666666665,0.0026666666666666666,0.15666666666666668,0.842,0.0013333333333333333
